<application>
  <component name="ProjectManager">
    <defaultProject>
      <component name="ProjectViewState">
        <option name="hideEmptyMiddlePackages" value="true" />
        <option name="showExcludedFiles" value="false" />
        <option name="showLibraryContents" value="true" />
      </component>
      <component name="PropertiesComponent">{
  &quot;keyToString&quot;: {
    &quot;settings.editor.selected.configurable&quot;: &quot;preferences.language.and.region&quot;
  }
}</component>
      <component name="WindowStateProjectService">
        <state x="461" y="81" key="SettingsEditor" timestamp="1760603698099">
          <screen x="0" y="0" width="1920" height="1032" />
        </state>
        <state x="461" y="81" key="SettingsEditor/0.0.1920.1032" timestamp="1760603698099" />
        <state x="560" y="90" width="800" height="725" key="new project wizard" timestamp="1760603665719">
          <screen x="0" y="0" width="1920" height="1032" />
        </state>
        <state x="560" y="90" width="800" height="725" key="new project wizard/0.0.1920.1032" timestamp="1760603665719" />
      </component>
      <component name="masterDetails">
        <states>
          <state key="ProjectJDKs.UI">
            <settings>
              <last-edited>21</last-edited>
              <splitter-proportions>
                <option name="proportions">
                  <list>
                    <option value="0.2" />
                  </list>
                </option>
              </splitter-proportions>
            </settings>
          </state>
        </states>
      </component>
    </defaultProject>
  </component>
</application>