<application>
  <component name="Trusted.Paths">
    <option name="TRUSTED_PROJECT_PATHS">
      <map>
        <entry key="C:\Program Files\Java\easywell\Code\Re_View" value="true" />
        <entry key="C:\Program Files\Java\easywell\Code\msa" value="true" />
        <entry key="C:\Program Files\Java\easywell\Code\msa\comments-api" value="true" />
        <entry key="C:\Program Files\Java\easywell\Code\msa\config" value="true" />
        <entry key="C:\Program Files\Java\easywell\Code\msa\gateway" value="true" />
        <entry key="C:\Program Files\Java\easywell\Code\msa\posts-api" value="true" />
        <entry key="C:\Program Files\Java\easywell\Code\spring_boot_security" value="true" />
        <entry key="C:\Users\redgu\Downloads\comments-api" value="true" />
        <entry key="C:\Users\redgu\Downloads\spring_boot_security\posts-api" value="true" />
        <entry key="C:\Users\redgu\Downloads\spring_boot_security\spring_boot_security" value="true" />
        <entry key="C:\Users\redgu\IdeaProjects\JspServletDemo" value="true" />
        <entry key="C:\Users\redgu\OneDrive\Desktop\related Re_View\Re_View" value="true" />
        <entry key="C:\Users\redgu\OneDrive\Desktop\related Re_View\demo" value="true" />
        <entry key="C:\Users\redgu\OneDrive\Desktop\study\개인 공부\Java" value="true" />
        <entry key="C:\Users\redgu\OneDrive\Desktop\study\개인 공부\Java\JavaEx" value="true" />
        <entry key="C:\Users\redgu\OneDrive\Desktop\study\개인 공부\Java\Spring_Basic" value="true" />
        <entry key="C:\Users\redgu\OneDrive\Desktop\study\개인 공부\Re_View" value="true" />
        <entry key="C:\Users\redgu\OneDrive\Desktop\study\개인 공부\Servlet_Jsp\Homely" value="true" />
        <entry key="C:\Users\redgu\OneDrive\Desktop\study\개인 공부\Servlet_Jsp\Homelydemo" value="true" />
        <entry key="C:\Users\redgu\OneDrive\Desktop\study\개인 공부\Servlet_Jsp\JspServlet" value="true" />
        <entry key="C:\Users\redgu\OneDrive\Desktop\study\개인 공부\Servlet_Jsp\JspServletDemo" value="true" />
        <entry key="C:\Users\redgu\OneDrive\Desktop\study\개인 공부\Servlet_Jsp\Servlet.jsp" value="true" />
        <entry key="C:\Users\redgu\OneDrive\Desktop\study\개인 공부\Servlet_Jsp\ServletJspDemo" value="true" />
        <entry key="C:\Users\redgu\OneDrive\Desktop\study\개인 공부\Servlet_Jsp\ServletJsp_Demo" value="true" />
        <entry key="C:\Users\redgu\OneDrive\Desktop\study\개인 공부\Servlet_Jsp\model_2" value="true" />
        <entry key="C:\Users\redgu\OneDrive\Desktop\study\개인 공부\Servlet_Jsp\untitled" value="true" />
        <entry key="C:\Users\redgu\OneDrive\Desktop\study\개인 공부\Spring\Re_View" value="true" />
        <entry key="C:\Users\redgu\OneDrive\Desktop\study\개인 공부\Spring\Spring" value="true" />
      </map>
    </option>
  </component>
  <component name="Trusted.Paths.Settings">
    <option name="TRUSTED_PATHS">
      <list>
        <option value="C:\Users\redgu\OneDrive\Desktop\study\개인 공부" />
        <option value="C:\Program Files\Java\easywell\Code" />
        <option value="C:\Users\redgu\Downloads\spring_boot_security" />
        <option value="C:\Users\redgu\OneDrive\Desktop\related Re_View" />
      </list>
    </option>
  </component>
</application>