<application>
  <component name="DimensionService">
    <location key="find.popup.0.0.1920.1080" x="319" y="57" />
    <size key="GridCell.Tab.0.left.0.0.1920.1080" width="1838" height="352" />
    <size key="GridCell.Tab.0.center.0.0.1920.1080" width="1838" height="352" />
    <size key="GridCell.Tab.0.right.0.0.1920.1080" width="1838" height="352" />
    <size key="GridCell.Tab.0.bottom.0.0.1920.1080" width="1838" height="352" />
    <size key="GridCell.Tab.1.left.0.0.1920.1080" width="1838" height="352" />
    <size key="GridCell.Tab.1.center.0.0.1920.1080" width="1838" height="352" />
    <size key="GridCell.Tab.1.right.0.0.1920.1080" width="1838" height="352" />
    <size key="GridCell.Tab.1.bottom.0.0.1920.1080" width="1838" height="352" />
    <size key="GridCell.Tab.2.left.0.0.1920.1080" width="1838" height="352" />
    <size key="GridCell.Tab.2.center.0.0.1920.1080" width="1838" height="352" />
    <size key="GridCell.Tab.2.right.0.0.1920.1080" width="1838" height="352" />
    <size key="GridCell.Tab.2.bottom.0.0.1920.1080" width="1838" height="352" />
    <size key="GridCell.Tab.3.left.0.0.1920.1080" width="1838" height="352" />
    <size key="GridCell.Tab.3.center.0.0.1920.1080" width="1838" height="352" />
    <size key="GridCell.Tab.3.right.0.0.1920.1080" width="1838" height="352" />
    <size key="GridCell.Tab.3.bottom.0.0.1920.1080" width="1838" height="352" />
    <size key="GridCell.Tab.4.left.0.0.1920.1080" width="1838" height="352" />
    <size key="GridCell.Tab.4.center.0.0.1920.1080" width="1838" height="352" />
    <size key="GridCell.Tab.4.right.0.0.1920.1080" width="1838" height="352" />
    <size key="GridCell.Tab.4.bottom.0.0.1920.1080" width="1838" height="352" />
    <size key="find.popup.0.0.1920.1080" width="702" height="975" />
    <size key="GridCell.Tab.5.left.0.0.1920.1080" width="1838" height="352" />
    <size key="GridCell.Tab.5.center.0.0.1920.1080" width="1838" height="352" />
    <size key="GridCell.Tab.5.right.0.0.1920.1080" width="1838" height="352" />
    <size key="GridCell.Tab.5.bottom.0.0.1920.1080" width="1838" height="352" />
  </component>
  <component name="WindowManager">
    <frame x="-8" y="-8" width="1936" height="1048" extendedState="6" />
  </component>
  <component name="WindowStateApplicationService">
    <state width="637" height="135" key="ShowUsagesActions.dimensionServiceKey" timestamp="1762510588873">
      <screen x="0" y="0" width="1920" height="1032" />
    </state>
    <state width="637" height="135" key="ShowUsagesActions.dimensionServiceKey/0.0.1920.1032" timestamp="1762510588873" />
    <state x="960" y="452" width="800" height="650" key="WELCOME_SCREEN" timestamp="1762250393440">
      <screen x="0" y="0" width="1920" height="1032" />
    </state>
    <state x="960" y="452" width="800" height="650" key="WELCOME_SCREEN/0.0.1920.1032" timestamp="1762250393440" />
    <state width="300" height="524" key="manage.recent.projects.popup" timestamp="1760609954652">
      <screen x="0" y="0" width="1920" height="1032" />
    </state>
    <state width="300" height="524" key="manage.recent.projects.popup/0.0.1920.1032" timestamp="1760609954652" />
  </component>
</application>